,Week,U.S. 30 yr FRM,U.S. 15 yr FRM
1065,1991-08-30,9.15,8.77
1066,1991-09-06,9.14,8.79
1067,1991-09-13,9.02,8.68
1068,1991-09-20,8.95,8.62
1069,1991-09-27,8.92,8.59
1070,1991-10-04,8.87,8.51
1071,1991-10-11,8.82,8.46
1072,1991-10-18,8.82,8.45
1073,1991-10-25,8.91,8.51
1074,1991-11-01,8.78,8.41
1075,1991-11-08,8.76,8.36
1076,1991-11-15,8.69,8.32
1077,1991-11-22,8.63,8.25
1078,1991-11-29,8.7,8.29
1079,1991-12-06,8.62,8.21
1080,1991-12-13,8.53,8.1
1081,1991-12-20,8.49,8.07
1082,1991-12-27,8.35,7.9
1083,1992-01-03,8.24,7.79
1084,1992-01-10,8.23,7.79
1085,1992-01-17,8.45,8.03
1086,1992-01-24,8.56,8.14
1087,1992-01-31,8.68,8.28
1088,1992-02-07,8.67,8.3
1089,1992-02-14,8.73,8.36
1090,1992-02-21,8.82,8.43
1091,1992-02-28,8.83,8.44
1092,1992-03-06,8.85,8.48
1093,1992-03-13,8.88,8.51
1094,1992-03-20,9.03,8.69
1095,1992-03-27,8.98,8.63
1096,1992-04-03,8.96,8.57
1097,1992-04-10,8.84,8.44
1098,1992-04-17,8.76,8.38
1099,1992-04-24,8.85,8.49
1100,1992-05-01,8.84,8.46
1101,1992-05-08,8.75,8.38
1102,1992-05-15,8.64,8.26
1103,1992-05-22,8.53,8.16
1104,1992-05-29,8.6,8.21
1105,1992-06-05,8.59,8.18
1106,1992-06-12,8.54,8.12
1107,1992-06-19,8.48,8.03
1108,1992-06-26,8.43,7.98
1109,1992-07-03,8.29,7.84
1110,1992-07-10,8.13,7.67
1111,1992-07-17,8.09,7.63
1112,1992-07-24,8.08,7.61
1113,1992-07-31,8.05,7.6
1114,1992-08-07,8.06,7.59
1115,1992-08-14,7.96,7.48
1116,1992-08-21,7.87,7.38
1117,1992-08-28,8.01,7.51
1118,1992-09-04,7.94,7.44
1119,1992-09-11,7.84,7.33
1120,1992-09-18,7.89,7.37
1121,1992-09-24,8.02,7.48
1122,1992-10-02,7.93,7.37
1123,1992-10-09,8.01,7.46
1124,1992-10-16,8.06,7.51
1125,1992-10-23,8.23,7.71
1126,1992-10-30,8.21,7.68
1127,1992-11-06,8.29,7.75
1128,1992-11-13,8.32,7.79
1129,1992-11-20,8.32,7.83
1130,1992-11-27,8.29,7.81
1131,1992-12-04,8.34,7.87
1132,1992-12-11,8.23,7.77
1133,1992-12-18,8.19,7.74
1134,1992-12-25,8.13,7.65
1135,1992-12-31,8.14,7.68
1136,1993-01-08,8.07,7.6
1137,1993-01-15,8.04,7.56
1138,1993-01-22,8.0,7.51
1139,1993-01-29,7.86,7.37
1140,1993-02-05,7.8,7.29
1141,1993-02-12,7.75,7.25
1142,1993-02-19,7.65,7.12
1143,1993-02-26,7.53,7.02
1144,1993-03-05,7.44,6.91
1145,1993-03-12,7.47,6.97
1146,1993-03-19,7.57,7.07
1147,1993-03-26,7.5,7.01
1148,1993-04-02,7.53,7.03
1149,1993-04-09,7.57,7.07
1150,1993-04-16,7.45,6.93
1151,1993-04-23,7.38,6.86
1152,1993-04-30,7.43,6.91
1153,1993-05-07,7.42,6.88
1154,1993-05-14,7.42,6.86
1155,1993-05-21,7.52,6.98
1156,1993-05-28,7.5,6.99
1157,1993-06-04,7.47,6.97
1158,1993-06-11,7.48,6.98
1159,1993-06-18,7.38,6.87
1160,1993-06-25,7.34,6.84
1161,1993-07-02,7.23,6.76
1162,1993-07-09,7.19,6.71
1163,1993-07-16,7.16,6.67
1164,1993-07-23,7.2,6.7
1165,1993-07-30,7.25,6.75
1166,1993-08-06,7.21,6.72
1167,1993-08-13,7.17,6.68
1168,1993-08-20,7.1,6.62
1169,1993-08-27,6.97,6.49
1170,1993-09-03,6.93,6.45
1171,1993-09-10,6.82,6.35
1172,1993-09-17,6.96,6.49
1173,1993-09-24,6.95,6.47
1174,1993-10-01,6.89,6.41
1175,1993-10-08,6.87,6.39
1176,1993-10-15,6.81,6.36
1177,1993-10-22,6.74,6.31
1178,1993-10-29,6.86,6.4
1179,1993-11-05,7.11,6.65
1180,1993-11-12,7.12,6.64
1181,1993-11-19,7.08,6.62
1182,1993-11-26,7.31,6.84
1183,1993-12-04,7.25,6.74
1184,1993-12-10,7.14,6.65
1185,1993-12-17,7.17,6.7
1186,1993-12-24,7.17,6.69
1187,1993-12-31,7.13,6.63
1188,1994-01-07,7.23,6.74
1189,1994-01-14,6.99,6.48
1190,1994-01-21,7.05,6.57
1191,1994-01-28,6.97,6.47
1192,1994-02-04,6.97,6.46
1193,1994-02-11,7.21,6.72
1194,1994-02-18,7.11,6.64
1195,1994-02-25,7.32,6.8
1196,1994-03-04,7.51,7.01
1197,1994-03-11,7.63,7.15
1198,1994-03-18,7.76,7.27
1199,1994-03-25,7.8,7.3
1200,1994-04-01,8.04,7.55
1201,1994-04-08,8.47,7.91
1202,1994-04-15,8.26,7.72
1203,1994-04-22,8.49,7.97
1204,1994-04-29,8.32,7.85
1205,1994-05-06,8.53,8.03
1206,1994-05-13,8.77,8.25
1207,1994-05-20,8.56,8.04
1208,1994-05-27,8.53,7.99
1209,1994-06-03,8.55,8.02
1210,1994-06-10,8.25,7.79
1211,1994-06-17,8.33,7.83
1212,1994-06-24,8.46,8.0
1213,1994-07-01,8.57,8.07
1214,1994-07-08,8.68,8.15
1215,1994-07-15,8.72,8.2
1216,1994-07-22,8.53,8.05
1217,1994-07-29,8.57,8.09
1218,1994-08-05,8.38,7.9
1219,1994-08-12,8.57,8.08
1220,1994-08-19,8.54,8.05
1221,1994-08-26,8.56,8.05
1222,1994-09-02,8.48,7.96
1223,1994-09-09,8.51,8.03
1224,1994-09-16,8.66,8.15
1225,1994-09-23,8.73,8.21
1226,1994-09-30,8.82,8.31
1227,1994-10-07,8.89,8.38
1228,1994-10-14,8.93,8.4
1229,1994-10-21,8.85,8.3
1230,1994-10-28,9.03,8.47
1231,1994-11-04,9.05,8.51
1232,1994-11-11,9.19,8.67
1233,1994-11-18,9.19,8.71
1234,1994-11-25,9.25,8.77
1235,1994-12-02,9.23,8.76
1236,1994-12-09,9.15,8.77
1237,1994-12-16,9.25,8.89
1238,1994-12-23,9.18,8.79
1239,1994-12-30,9.18,8.81
1240,1995-01-06,9.22,8.87
1241,1995-01-13,9.19,8.85
1242,1995-01-20,9.05,8.7
1243,1995-01-27,9.13,8.76
1244,1995-02-03,8.94,8.59
1245,1995-02-10,8.8,8.45
1246,1995-02-17,8.84,8.46
1247,1995-02-24,8.73,8.34
1248,1995-03-03,8.53,8.15
1249,1995-03-10,8.62,8.24
1250,1995-03-17,8.38,8.0
1251,1995-03-24,8.4,7.97
1252,1995-03-31,8.38,7.96
1253,1995-04-07,8.41,7.99
1254,1995-04-14,8.37,7.93
1255,1995-04-21,8.24,7.8
1256,1995-04-28,8.26,7.8
1257,1995-05-05,8.27,7.8
1258,1995-05-12,7.87,7.45
1259,1995-05-19,7.83,7.39
1260,1995-05-26,7.85,7.4
1261,1995-06-02,7.71,7.24
1262,1995-06-09,7.51,7.0
1263,1995-06-16,7.55,7.03
1264,1995-06-23,7.53,7.01
1265,1995-06-30,7.53,7.03
1266,1995-07-07,7.63,7.11
1267,1995-07-14,7.41,6.89
1268,1995-07-21,7.6,7.08
1269,1995-07-28,7.79,7.27
1270,1995-08-04,7.82,7.31
1271,1995-08-11,7.8,7.31
1272,1995-08-18,7.94,7.43
1273,1995-08-25,7.88,7.39
1274,1995-09-01,7.76,7.27
1275,1995-09-08,7.63,7.16
1276,1995-09-15,7.6,7.12
1277,1995-09-22,7.57,7.09
1278,1995-09-29,7.62,7.16
1279,1995-10-06,7.57,7.09
1280,1995-10-13,7.5,7.01
1281,1995-10-20,7.38,6.92
1282,1995-10-27,7.45,7.01
1283,1995-11-03,7.44,6.97
1284,1995-11-09,7.37,6.87
1285,1995-11-17,7.35,6.86
1286,1995-11-24,7.35,6.85
1287,1995-12-01,7.33,6.85
1288,1995-12-08,7.18,6.74
1289,1995-12-15,7.15,6.71
1290,1995-12-22,7.23,6.73
1291,1995-12-29,7.11,6.65
1292,1996-01-05,7.02,6.56
1293,1996-01-12,7.08,6.59
1294,1996-01-19,7.02,6.53
1295,1996-01-26,7.0,6.5
1296,1996-02-02,7.02,6.52
1297,1996-02-09,7.02,6.51
1298,1996-02-16,6.94,6.44
1299,1996-02-23,7.32,6.77
1300,1996-03-01,7.41,6.87
1301,1996-03-08,7.38,6.87
1302,1996-03-15,7.83,7.32
1303,1996-03-22,7.81,7.32
1304,1996-03-29,7.69,7.19
1305,1996-04-05,7.78,7.29
1306,1996-04-12,8.05,7.56
1307,1996-04-19,7.95,7.48
1308,1996-04-26,7.92,7.43
1309,1996-05-03,7.99,7.5
1310,1996-05-10,8.24,7.75
1311,1996-05-17,8.08,7.59
1312,1996-05-24,8.01,7.51
1313,1996-05-31,8.03,7.54
1314,1996-06-07,8.3,7.8
1315,1996-06-14,8.39,7.9
1316,1996-06-21,8.3,7.81
1317,1996-06-28,8.29,7.82
1318,1996-07-05,8.14,7.67
1319,1996-07-12,8.42,7.93
1320,1996-07-19,8.23,7.76
1321,1996-07-26,8.19,7.71
1322,1996-08-02,8.23,7.75
1323,1996-08-09,7.88,7.4
1324,1996-08-16,7.88,7.39
1325,1996-08-23,7.93,7.45
1326,1996-08-30,8.09,7.6
1327,1996-09-06,8.34,7.88
1328,1996-09-13,8.28,7.81
1329,1996-09-20,8.14,7.64
1330,1996-09-27,8.16,7.68
1331,1996-10-04,8.06,7.58
1332,1996-10-11,7.86,7.38
1333,1996-10-18,7.88,7.39
1334,1996-10-25,7.86,7.37
1335,1996-11-01,7.78,7.3
1336,1996-11-08,7.67,7.2
1337,1996-11-15,7.59,7.11
1338,1996-11-22,7.53,7.06
1339,1996-11-29,7.52,7.04
1340,1996-12-06,7.44,6.96
1341,1996-12-13,7.57,7.06
1342,1996-12-20,7.74,7.21
1343,1996-12-27,7.64,7.16
1344,1997-01-03,7.67,7.18
1345,1997-01-10,7.85,7.35
1346,1997-01-17,7.87,7.38
1347,1997-01-24,7.85,7.35
1348,1997-01-31,7.88,7.38
1349,1997-02-07,7.74,7.25
1350,1997-02-14,7.65,7.14
1351,1997-02-21,7.56,7.06
1352,1997-02-28,7.65,7.15
1353,1997-03-07,7.84,7.35
1354,1997-03-14,7.84,7.34
1355,1997-03-21,7.94,7.45
1356,1997-03-28,7.97,7.48
1357,1997-04-04,8.18,7.7
1358,1997-04-11,8.15,7.67
1359,1997-04-18,8.16,7.71
1360,1997-04-25,8.08,7.62
1361,1997-05-02,8.01,7.53
1362,1997-05-09,7.94,7.47
1363,1997-05-16,7.91,7.44
1364,1997-05-23,7.92,7.45
1365,1997-05-30,7.94,7.47
1366,1997-06-06,7.85,7.4
1367,1997-06-13,7.72,7.27
1368,1997-06-20,7.61,7.14
1369,1997-06-27,7.58,7.13
1370,1997-07-04,7.62,7.15
1371,1997-07-11,7.47,7.01
1372,1997-07-18,7.47,7.01
1373,1997-07-25,7.43,6.98
1374,1997-08-01,7.36,6.9
1375,1997-08-08,7.46,7.0
1376,1997-08-15,7.54,7.07
1377,1997-08-22,7.46,6.99
1378,1997-08-29,7.58,7.12
1379,1997-09-05,7.53,7.08
1380,1997-09-12,7.53,7.07
1381,1997-09-19,7.38,6.94
1382,1997-09-26,7.28,6.86
1383,1997-10-03,7.31,6.87
1384,1997-10-10,7.26,6.82
1385,1997-10-17,7.34,6.89
1386,1997-10-24,7.35,6.9
1387,1997-10-31,7.21,6.76
1388,1997-11-07,7.24,6.8
1389,1997-11-14,7.23,6.78
1390,1997-11-21,7.18,6.73
1391,1997-11-28,7.17,6.73
1392,1997-12-05,7.15,6.71
1393,1997-12-12,7.17,6.72
1394,1997-12-19,7.07,6.65
1395,1997-12-26,6.99,6.57
1396,1998-01-02,7.03,6.61
1397,1998-01-09,6.94,6.55
1398,1998-01-16,6.89,6.46
1399,1998-01-23,6.99,6.56
1400,1998-01-30,7.12,6.7
1401,1998-02-06,7.03,6.62
1402,1998-02-13,7.06,6.65
1403,1998-02-20,6.99,6.59
1404,1998-02-28,7.09,6.69
1405,1998-03-06,7.19,6.8
1406,1998-03-13,7.16,6.78
1407,1998-03-20,7.08,6.7
1408,1998-03-27,7.08,6.69
1409,1998-04-03,7.15,6.79
1410,1998-04-10,7.09,6.74
1411,1998-04-17,7.17,6.81
1412,1998-04-24,7.15,6.78
1413,1998-05-01,7.22,6.85
1414,1998-05-08,7.14,6.78
1415,1998-05-15,7.19,6.82
1416,1998-05-22,7.1,6.75
1417,1998-05-29,7.07,6.72
1418,1998-06-05,7.05,6.7
1419,1998-06-12,7.04,6.71
1420,1998-06-19,6.94,6.62
1421,1998-06-26,6.96,6.64
1422,1998-07-03,6.98,6.65
1423,1998-07-10,6.91,6.6
1424,1998-07-17,6.94,6.6
1425,1998-07-24,6.96,6.63
1426,1998-07-31,6.97,6.64
1427,1998-08-07,6.94,6.63
1428,1998-08-14,6.91,6.6
1429,1998-08-21,6.92,6.61
1430,1998-08-28,6.92,6.61
1431,1998-09-04,6.82,6.51
1432,1998-09-11,6.77,6.43
1433,1998-09-18,6.66,6.35
1434,1998-09-25,6.64,6.32
1435,1998-10-02,6.6,6.27
1436,1998-10-09,6.49,6.15
1437,1998-10-16,6.9,6.58
1438,1998-10-23,6.73,6.34
1439,1998-10-30,6.83,6.48
1440,1998-11-06,6.89,6.5
1441,1998-11-13,6.93,6.57
1442,1998-11-20,6.86,6.51
1443,1998-11-27,6.78,6.44
1444,1998-12-04,6.71,6.37
1445,1998-12-11,6.69,6.34
1446,1998-12-18,6.69,6.35
1447,1998-12-25,6.77,6.41
1448,1998-12-31,6.83,6.48
1449,1999-01-08,6.79,6.43
1450,1999-01-15,6.83,6.48
1451,1999-01-22,6.78,6.42
1452,1999-01-29,6.74,6.37
1453,1999-02-05,6.75,6.38
1454,1999-02-12,6.77,6.4
1455,1999-02-19,6.82,6.46
1456,1999-02-26,6.89,6.51
1457,1999-03-05,7.06,6.7
1458,1999-03-12,7.11,6.75
1459,1999-03-19,7.01,6.64
1460,1999-03-26,6.98,6.61
1461,1999-04-02,6.98,6.58
1462,1999-04-09,6.92,6.53
1463,1999-04-16,6.87,6.47
1464,1999-04-23,6.88,6.51
1465,1999-04-30,6.93,6.55
1466,1999-05-07,7.02,6.61
1467,1999-05-14,7.1,6.71
1468,1999-05-21,7.23,6.83
1469,1999-05-28,7.23,6.84
1470,1999-06-04,7.41,7.04
1471,1999-06-11,7.51,7.13
1472,1999-06-18,7.65,7.26
1473,1999-06-25,7.63,7.28
1474,1999-07-02,7.71,7.34
1475,1999-07-09,7.65,7.3
1476,1999-07-16,7.58,7.19
1477,1999-07-23,7.52,7.16
1478,1999-07-30,7.7,7.29
1479,1999-08-06,7.89,7.45
1480,1999-08-13,8.15,7.7
1481,1999-08-20,7.93,7.53
1482,1999-08-27,7.8,7.43
1483,1999-09-03,7.83,7.45
1484,1999-09-10,7.88,7.49
1485,1999-09-17,7.82,7.43
1486,1999-09-24,7.76,7.4
1487,1999-10-01,7.7,7.35
1488,1999-10-08,7.82,7.43
1489,1999-10-15,7.85,7.45
1490,1999-10-22,7.93,7.53
1491,1999-10-29,7.96,7.57
1492,1999-11-05,7.84,7.45
1493,1999-11-12,7.67,7.3
1494,1999-11-19,7.69,7.31
1495,1999-11-26,7.75,7.36
1496,1999-12-03,7.84,7.46
1497,1999-12-10,7.84,7.45
1498,1999-12-17,7.86,7.47
1499,1999-12-24,7.96,7.57
1500,1999-12-31,8.06,7.66
1501,2000-01-07,8.15,7.73
1502,2000-01-14,8.18,7.78
1503,2000-01-21,8.26,7.86
1504,2000-01-28,8.25,7.84
1505,2000-02-04,8.25,7.85
1506,2000-02-11,8.36,7.96
1507,2000-02-18,8.38,8.0
1508,2000-02-25,8.31,7.92
1509,2000-03-03,8.27,7.84
1510,2000-03-10,8.23,7.81
1511,2000-03-17,8.24,7.83
1512,2000-03-24,8.23,7.84
1513,2000-03-31,8.23,7.84
1514,2000-04-07,8.2,7.83
1515,2000-04-14,8.12,7.76
1516,2000-04-21,8.16,7.82
1517,2000-04-28,8.13,7.79
1518,2000-05-05,8.28,7.94
1519,2000-05-12,8.52,8.17
1520,2000-05-19,8.64,8.31
1521,2000-05-26,8.62,8.31
1522,2000-06-02,8.54,8.24
1523,2000-06-09,8.32,8.04
1524,2000-06-16,8.22,7.91
1525,2000-06-23,8.14,7.85
1526,2000-06-30,8.22,7.92
1527,2000-07-07,8.16,7.88
1528,2000-07-14,8.09,7.8
1529,2000-07-21,8.21,7.93
1530,2000-07-28,8.13,7.85
1531,2000-08-04,8.12,7.88
1532,2000-08-11,8.04,7.75
1533,2000-08-18,7.96,7.7
1534,2000-08-25,7.99,7.72
1535,2000-09-01,7.96,7.67
1536,2000-09-08,7.94,7.65
1537,2000-09-15,7.88,7.6
1538,2000-09-22,7.9,7.57
1539,2000-09-29,7.88,7.53
1540,2000-10-06,7.83,7.5
1541,2000-10-13,7.84,7.52
1542,2000-10-20,7.83,7.5
1543,2000-10-27,7.68,7.36
1544,2000-11-03,7.73,7.41
1545,2000-11-10,7.79,7.44
1546,2000-11-17,7.73,7.41
1547,2000-11-24,7.73,7.41
1548,2000-12-01,7.65,7.35
1549,2000-12-08,7.54,7.19
1550,2000-12-15,7.42,7.11
1551,2000-12-22,7.17,6.84
1552,2000-12-29,7.13,6.79
1553,2001-01-05,7.07,6.74
1554,2001-01-12,6.89,6.49
1555,2001-01-19,7.02,6.63
1556,2001-01-26,7.15,6.7
1557,2001-02-02,7.09,6.66
1558,2001-02-09,6.98,6.6
1559,2001-02-16,7.01,6.61
1560,2001-02-23,7.12,6.69
1561,2001-03-02,7.03,6.58
1562,2001-03-09,6.97,6.52
1563,2001-03-16,6.96,6.54
1564,2001-03-23,6.89,6.44
1565,2001-03-30,6.91,6.46
1566,2001-04-06,7.01,6.54
1567,2001-04-13,7.04,6.55
1568,2001-04-20,7.14,6.66
1569,2001-04-27,7.12,6.63
1570,2001-05-04,7.14,6.66
1571,2001-05-11,7.1,6.61
1572,2001-05-18,7.14,6.67
1573,2001-05-25,7.2,6.76
1574,2001-06-01,7.24,6.78
1575,2001-06-08,7.2,6.74
1576,2001-06-15,7.14,6.7
1577,2001-06-22,7.11,6.65
1578,2001-06-29,7.11,6.63
1579,2001-07-06,7.19,6.74
1580,2001-07-13,7.21,6.76
1581,2001-07-20,7.08,6.65
1582,2001-07-27,7.03,6.58
1583,2001-08-03,7.0,6.54
1584,2001-08-10,7.0,6.54
1585,2001-08-17,6.92,6.48
1586,2001-08-24,6.91,6.47
1587,2001-08-31,6.92,6.47
1588,2001-09-07,6.89,6.44
1589,2001-09-14,6.86,6.39
1590,2001-09-21,6.8,6.3
1591,2001-09-28,6.72,6.23
1592,2001-10-05,6.64,6.11
1593,2001-10-12,6.58,6.06
1594,2001-10-19,6.61,6.09
1595,2001-10-26,6.64,6.13
1596,2001-11-02,6.56,6.04
1597,2001-11-09,6.45,5.94
1598,2001-11-16,6.51,5.98
1599,2001-11-23,6.75,6.24
1600,2001-11-30,7.02,6.53
1601,2001-12-07,6.84,6.3
1602,2001-12-14,7.09,6.57
1603,2001-12-21,7.17,6.65
1604,2001-12-28,7.16,6.65
1605,2002-01-04,7.14,6.62
1606,2002-01-11,7.06,6.55
1607,2002-01-18,6.83,6.31
1608,2002-01-25,6.96,6.44
1609,2002-02-01,7.02,6.51
1610,2002-02-08,6.88,6.36
1611,2002-02-15,6.86,6.35
1612,2002-02-22,6.81,6.28
1613,2002-03-01,6.8,6.28
1614,2002-03-08,6.87,6.37
1615,2002-03-15,7.08,6.59
1616,2002-03-22,7.14,6.65
1617,2002-03-29,7.18,6.69
1618,2002-04-05,7.13,6.64
1619,2002-04-12,6.99,6.49
1620,2002-04-19,6.94,6.42
1621,2002-04-26,6.88,6.35
1622,2002-05-03,6.78,6.26
1623,2002-05-10,6.79,6.27
1624,2002-05-17,6.89,6.37
1625,2002-05-24,6.81,6.28
1626,2002-05-31,6.76,6.22
1627,2002-06-07,6.71,6.18
1628,2002-06-14,6.71,6.17
1629,2002-06-21,6.63,6.08
1630,2002-06-28,6.55,5.99
1631,2002-07-05,6.57,6.03
1632,2002-07-12,6.54,6.0
1633,2002-07-19,6.49,5.93
1634,2002-07-26,6.34,5.76
1635,2002-08-02,6.43,5.84
1636,2002-08-09,6.31,5.69
1637,2002-08-16,6.22,5.63
1638,2002-08-23,6.27,5.71
1639,2002-08-30,6.22,5.64
1640,2002-09-06,6.15,5.56
1641,2002-09-13,6.18,5.59
1642,2002-09-20,6.05,5.47
1643,2002-09-27,5.99,5.41
1644,2002-10-04,6.01,5.4
1645,2002-10-11,5.98,5.34
1646,2002-10-18,6.15,5.56
1647,2002-10-25,6.31,5.7
1648,2002-11-01,6.13,5.51
1649,2002-11-08,6.11,5.48
1650,2002-11-15,5.94,5.32
1651,2002-11-22,6.03,5.44
1652,2002-11-29,6.13,5.57
1653,2002-12-06,6.19,5.6
1654,2002-12-13,6.04,5.46
1655,2002-12-20,6.03,5.42
1656,2002-12-27,5.93,5.32
1657,2003-01-03,5.85,5.24
1658,2003-01-10,5.95,5.33
1659,2003-01-17,5.97,5.36
1660,2003-01-24,5.91,5.31
1661,2003-01-31,5.9,5.28
1662,2003-02-07,5.88,5.27
1663,2003-02-14,5.86,5.26
1664,2003-02-21,5.84,5.21
1665,2003-02-28,5.79,5.14
1666,2003-03-07,5.67,5.01
1667,2003-03-14,5.61,4.93
1668,2003-03-21,5.79,5.11
1669,2003-03-28,5.91,5.21
1670,2003-04-04,5.79,5.06
1671,2003-04-11,5.85,5.17
1672,2003-04-18,5.82,5.12
1673,2003-04-25,5.79,5.12
1674,2003-05-02,5.7,5.03
1675,2003-05-09,5.62,4.97
1676,2003-05-16,5.45,4.84
1677,2003-05-23,5.34,4.73
1678,2003-05-30,5.31,4.73
1679,2003-06-06,5.26,4.66
1680,2003-06-13,5.21,4.6
1681,2003-06-20,5.21,4.62
1682,2003-06-27,5.24,4.63
1683,2003-07-04,5.4,4.75
1684,2003-07-11,5.52,4.85
1685,2003-07-18,5.67,5.0
1686,2003-07-25,5.94,5.27
1687,2003-08-01,6.14,5.44
1688,2003-08-08,6.34,5.66
1689,2003-08-15,6.24,5.58
1690,2003-08-22,6.28,5.6
1691,2003-08-29,6.32,5.66
1692,2003-09-05,6.44,5.77
1693,2003-09-12,6.16,5.46
1694,2003-09-19,6.01,5.3
1695,2003-09-26,5.98,5.3
1696,2003-10-03,5.77,5.1
1697,2003-10-10,5.95,5.26
1698,2003-10-17,6.05,5.36
1699,2003-10-24,6.05,5.39
1700,2003-10-31,5.94,5.26
1701,2003-11-07,5.98,5.31
1702,2003-11-14,6.03,5.39
1703,2003-11-21,5.83,5.17
1704,2003-11-28,5.89,5.22
1705,2003-12-05,6.02,5.36
1706,2003-12-12,5.88,5.24
1707,2003-12-19,5.82,5.14
1708,2003-12-26,5.81,5.13
1709,2003-12-31,5.85,5.15
1710,2004-01-08,5.87,5.17
1711,2004-01-15,5.66,4.97
1712,2004-01-22,5.64,4.95
1713,2004-01-29,5.68,4.97
1714,2004-02-05,5.72,5.03
1715,2004-02-12,5.66,4.96
1716,2004-02-19,5.58,4.87
1717,2004-02-26,5.58,4.89
1718,2004-03-04,5.59,4.88
1719,2004-03-11,5.41,4.69
1720,2004-03-18,5.38,4.69
1721,2004-03-25,5.4,4.7
1722,2004-04-01,5.52,4.84
1723,2004-04-08,5.79,5.12
1724,2004-04-15,5.89,5.23
1725,2004-04-22,5.94,5.25
1726,2004-04-29,6.01,5.35
1727,2004-05-06,6.12,5.47
1728,2004-05-13,6.34,5.72
1729,2004-05-20,6.3,5.67
1730,2004-05-27,6.32,5.69
1731,2004-06-03,6.28,5.63
1732,2004-06-10,6.3,5.67
1733,2004-06-17,6.32,5.7
1734,2004-06-24,6.25,5.64
1735,2004-07-01,6.21,5.62
1736,2004-07-08,6.01,5.42
1737,2004-07-15,6.0,5.4
1738,2004-07-22,5.98,5.39
1739,2004-07-29,6.08,5.49
1740,2004-08-05,5.99,5.4
1741,2004-08-12,5.85,5.24
1742,2004-08-19,5.81,5.19
1743,2004-08-26,5.82,5.21
1744,2004-09-02,5.77,5.15
1745,2004-09-09,5.83,5.22
1746,2004-09-16,5.75,5.13
1747,2004-09-23,5.7,5.1
1748,2004-09-30,5.72,5.12
1749,2004-10-07,5.82,5.24
1750,2004-10-14,5.74,5.14
1751,2004-10-21,5.69,5.07
1752,2004-10-28,5.64,5.01
1753,2004-11-04,5.7,5.08
1754,2004-11-11,5.76,5.16
1755,2004-11-18,5.74,5.15
1756,2004-11-24,5.72,5.15
1757,2004-12-02,5.81,5.23
1758,2004-12-09,5.71,5.14
1759,2004-12-16,5.68,5.11
1760,2004-12-22,5.75,5.18
1761,2004-12-29,5.81,5.23
1762,2005-01-06,5.77,5.21
1763,2005-01-13,5.74,5.19
1764,2005-01-20,5.67,5.15
1765,2005-01-27,5.66,5.14
1766,2005-02-03,5.63,5.14
1767,2005-02-10,5.57,5.1
1768,2005-02-17,5.62,5.14
1769,2005-02-24,5.69,5.22
1770,2005-03-03,5.79,5.33
1771,2005-03-10,5.85,5.38
1772,2005-03-17,5.95,5.47
1773,2005-03-24,6.01,5.56
1774,2005-03-31,6.04,5.58
1775,2005-04-07,5.93,5.48
1776,2005-04-14,5.91,5.46
1777,2005-04-21,5.8,5.36
1778,2005-04-28,5.78,5.33
1779,2005-05-05,5.75,5.31
1780,2005-05-12,5.77,5.33
1781,2005-05-19,5.71,5.27
1782,2005-05-26,5.65,5.21
1783,2005-06-02,5.62,5.2
1784,2005-06-09,5.56,5.14
1785,2005-06-16,5.63,5.22
1786,2005-06-23,5.57,5.16
1787,2005-06-30,5.53,5.12
1788,2005-07-07,5.62,5.2
1789,2005-07-14,5.66,5.25
1790,2005-07-21,5.73,5.32
1791,2005-07-28,5.77,5.34
1792,2005-08-04,5.82,5.38
1793,2005-08-11,5.89,5.47
1794,2005-08-18,5.8,5.4
1795,2005-08-25,5.77,5.35
1796,2005-09-01,5.71,5.32
1797,2005-09-08,5.71,5.3
1798,2005-09-15,5.74,5.32
1799,2005-09-22,5.8,5.37
1800,2005-09-29,5.91,5.48
1801,2005-10-06,5.98,5.54
1802,2005-10-13,6.03,5.62
1803,2005-10-20,6.1,5.65
1804,2005-10-27,6.15,5.69
1805,2005-11-03,6.31,5.85
1806,2005-11-10,6.36,5.89
1807,2005-11-17,6.37,5.9
1808,2005-11-23,6.28,5.81
1809,2005-12-01,6.26,5.81
1810,2005-12-08,6.32,5.87
1811,2005-12-15,6.3,5.85
1812,2005-12-22,6.26,5.79
1813,2005-12-29,6.22,5.76
1814,2006-01-05,6.21,5.76
1815,2006-01-12,6.15,5.71
1816,2006-01-19,6.1,5.67
1817,2006-01-26,6.12,5.7
1818,2006-02-02,6.23,5.81
1819,2006-02-09,6.24,5.83
1820,2006-02-16,6.28,5.91
1821,2006-02-23,6.26,5.89
1822,2006-03-02,6.24,5.89
1823,2006-03-09,6.37,6.0
1824,2006-03-16,6.34,5.98
1825,2006-03-23,6.32,5.97
1826,2006-03-30,6.35,6.0
1827,2006-04-06,6.43,6.1
1828,2006-04-13,6.49,6.14
1829,2006-04-20,6.53,6.17
1830,2006-04-27,6.58,6.21
1831,2006-05-04,6.59,6.22
1832,2006-05-11,6.58,6.17
1833,2006-05-18,6.6,6.2
1834,2006-05-25,6.62,6.23
1835,2006-06-01,6.67,6.26
1836,2006-06-08,6.62,6.23
1837,2006-06-15,6.63,6.25
1838,2006-06-22,6.71,6.36
1839,2006-06-29,6.78,6.43
1840,2006-07-06,6.79,6.44
1841,2006-07-13,6.74,6.37
1842,2006-07-20,6.8,6.41
1843,2006-07-27,6.72,6.34
1844,2006-08-03,6.63,6.27
1845,2006-08-10,6.55,6.2
1846,2006-08-17,6.52,6.2
1847,2006-08-24,6.48,6.18
1848,2006-08-31,6.44,6.14
1849,2006-09-07,6.47,6.16
1850,2006-09-14,6.43,6.11
1851,2006-09-21,6.4,6.06
1852,2006-09-28,6.31,5.98
1853,2006-10-05,6.3,5.98
1854,2006-10-12,6.37,6.06
1855,2006-10-19,6.36,6.06
1856,2006-10-26,6.4,6.1
1857,2006-11-02,6.31,6.02
1858,2006-11-09,6.33,6.04
1859,2006-11-16,6.24,5.94
1860,2006-11-22,6.18,5.91
1861,2006-11-30,6.14,5.87
1862,2006-12-07,6.11,5.84
1863,2006-12-14,6.12,5.86
1864,2006-12-21,6.13,5.89
1865,2006-12-28,6.18,5.93
1866,2007-01-04,6.18,5.94
1867,2007-01-11,6.21,5.96
1868,2007-01-18,6.23,5.98
1869,2007-01-25,6.25,5.98
1870,2007-02-01,6.34,6.06
1871,2007-02-08,6.28,6.02
1872,2007-02-15,6.3,6.03
1873,2007-02-22,6.22,5.97
1874,2007-03-01,6.18,5.92
1875,2007-03-08,6.14,5.86
1876,2007-03-15,6.14,5.88
1877,2007-03-22,6.16,5.9
1878,2007-03-29,6.16,5.86
1879,2007-04-05,6.17,5.87
1880,2007-04-12,6.22,5.9
1881,2007-04-19,6.17,5.89
1882,2007-04-26,6.16,5.87
1883,2007-05-03,6.16,5.87
1884,2007-05-10,6.15,5.87
1885,2007-05-17,6.21,5.92
1886,2007-05-24,6.37,6.06
1887,2007-05-31,6.42,6.12
1888,2007-06-07,6.53,6.22
1889,2007-06-14,6.74,6.43
1890,2007-06-21,6.69,6.37
1891,2007-06-28,6.67,6.34
1892,2007-07-05,6.63,6.3
1893,2007-07-12,6.73,6.39
1894,2007-07-19,6.73,6.38
1895,2007-07-26,6.69,6.37
1896,2007-08-02,6.68,6.32
1897,2007-08-09,6.59,6.25
1898,2007-08-16,6.62,6.3
1899,2007-08-23,6.52,6.18
1900,2007-08-30,6.45,6.12
1901,2007-09-06,6.46,6.15
1902,2007-09-13,6.31,5.97
1903,2007-09-20,6.34,5.98
1904,2007-09-27,6.42,6.09
1905,2007-10-04,6.37,6.03
1906,2007-10-11,6.4,6.06
1907,2007-10-18,6.4,6.08
1908,2007-10-25,6.33,5.99
1909,2007-11-01,6.26,5.91
1910,2007-11-08,6.24,5.9
1911,2007-11-15,6.24,5.88
1912,2007-11-21,6.2,5.83
1913,2007-11-29,6.1,5.73
1914,2007-12-06,5.96,5.65
1915,2007-12-13,6.11,5.78
1916,2007-12-20,6.14,5.79
1917,2007-12-27,6.17,5.79
1918,2008-01-03,6.07,5.68
1919,2008-01-10,5.87,5.43
1920,2008-01-17,5.69,5.21
1921,2008-01-24,5.48,4.95
1922,2008-01-31,5.68,5.17
1923,2008-02-07,5.67,5.15
1924,2008-02-14,5.72,5.25
1925,2008-02-21,6.04,5.64
1926,2008-02-28,6.24,5.72
1927,2008-03-06,6.03,5.47
1928,2008-03-13,6.13,5.6
1929,2008-03-20,5.87,5.27
1930,2008-03-27,5.85,5.34
1931,2008-04-03,5.88,5.42
1932,2008-04-10,5.88,5.42
1933,2008-04-17,5.88,5.4
1934,2008-04-24,6.03,5.62
1935,2008-05-01,6.06,5.59
1936,2008-05-08,6.05,5.6
1937,2008-05-15,6.01,5.6
1938,2008-05-22,5.98,5.55
1939,2008-05-29,6.08,5.66
1940,2008-06-05,6.09,5.65
1941,2008-06-12,6.32,5.93
1942,2008-06-19,6.42,6.02
1943,2008-06-26,6.45,6.04
1944,2008-07-03,6.35,5.92
1945,2008-07-10,6.37,5.91
1946,2008-07-17,6.26,5.78
1947,2008-07-24,6.63,6.18
1948,2008-07-31,6.52,6.07
1949,2008-08-07,6.52,6.1
1950,2008-08-14,6.52,6.07
1951,2008-08-21,6.47,6.0
1952,2008-08-28,6.4,5.93
1953,2008-09-04,6.35,5.9
1954,2008-09-11,5.93,5.54
1955,2008-09-18,5.78,5.35
1956,2008-09-25,6.09,5.77
1957,2008-10-02,6.1,5.78
1958,2008-10-09,5.94,5.63
1959,2008-10-16,6.46,6.14
1960,2008-10-23,6.04,5.72
1961,2008-10-30,6.46,6.19
1962,2008-11-06,6.2,5.88
1963,2008-11-13,6.14,5.81
1964,2008-11-20,6.04,5.73
1965,2008-11-26,5.97,5.74
1966,2008-12-04,5.53,5.33
1967,2008-12-11,5.47,5.2
1968,2008-12-18,5.19,4.92
1969,2008-12-24,5.14,4.91
1970,2008-12-31,5.1,4.83
1971,2009-01-08,5.01,4.62
1972,2009-01-15,4.96,4.65
1973,2009-01-22,5.12,4.8
1974,2009-01-29,5.1,4.8
1975,2009-02-05,5.25,4.92
1976,2009-02-12,5.16,4.81
1977,2009-02-19,5.04,4.68
1978,2009-02-26,5.07,4.68
1979,2009-03-05,5.15,4.72
1980,2009-03-12,5.03,4.64
1981,2009-03-19,4.98,4.61
1982,2009-03-26,4.85,4.58
1983,2009-04-02,4.78,4.52
1984,2009-04-09,4.87,4.54
1985,2009-04-16,4.82,4.48
1986,2009-04-23,4.8,4.48
1987,2009-04-30,4.78,4.48
1988,2009-05-07,4.84,4.51
1989,2009-05-14,4.86,4.52
1990,2009-05-21,4.82,4.5
1991,2009-05-28,4.91,4.53
1992,2009-06-04,5.29,4.79
1993,2009-06-11,5.59,5.06
1994,2009-06-18,5.38,4.89
1995,2009-06-25,5.42,4.87
1996,2009-07-02,5.32,4.77
1997,2009-07-09,5.2,4.69
1998,2009-07-16,5.14,4.63
1999,2009-07-23,5.2,4.68
2000,2009-07-30,5.25,4.69
2001,2009-08-06,5.22,4.63
2002,2009-08-13,5.29,4.68
2003,2009-08-20,5.12,4.56
2004,2009-08-27,5.14,4.58
2005,2009-09-03,5.08,4.54
2006,2009-09-10,5.07,4.5
2007,2009-09-17,5.04,4.47
2008,2009-09-24,5.04,4.46
2009,2009-10-01,4.94,4.36
2010,2009-10-08,4.87,4.33
2011,2009-10-15,4.92,4.37
2012,2009-10-22,5.0,4.43
2013,2009-10-29,5.03,4.46
2014,2009-11-05,4.98,4.4
2015,2009-11-12,4.91,4.36
2016,2009-11-19,4.83,4.32
2017,2009-11-25,4.78,4.29
2018,2009-12-03,4.71,4.27
2019,2009-12-10,4.81,4.32
2020,2009-12-17,4.94,4.38
2021,2009-12-24,5.05,4.45
2022,2009-12-31,5.14,4.54
2023,2010-01-07,5.09,4.5
2024,2010-01-14,5.06,4.45
2025,2010-01-21,4.99,4.4
2026,2010-01-28,4.98,4.39
2027,2010-02-04,5.01,4.4
2028,2010-02-11,4.97,4.34
2029,2010-02-18,4.93,4.33
2030,2010-02-25,5.05,4.4
2031,2010-03-04,4.97,4.33
2032,2010-03-11,4.95,4.32
2033,2010-03-18,4.96,4.33
2034,2010-03-25,4.99,4.34
2035,2010-04-01,5.08,4.39
2036,2010-04-08,5.21,4.52
2037,2010-04-15,5.07,4.4
2038,2010-04-22,5.07,4.39
2039,2010-04-29,5.06,4.39
2040,2010-05-06,5.0,4.36
2041,2010-05-13,4.93,4.3
2042,2010-05-20,4.84,4.24
2043,2010-05-27,4.78,4.21
2044,2010-06-03,4.79,4.2
2045,2010-06-10,4.72,4.17
2046,2010-06-17,4.75,4.2
2047,2010-06-24,4.69,4.13
2048,2010-07-01,4.58,4.04
2049,2010-07-08,4.57,4.07
2050,2010-07-15,4.57,4.06
2051,2010-07-22,4.56,4.03
2052,2010-07-29,4.54,4.0
2053,2010-08-05,4.49,3.95
2054,2010-08-12,4.44,3.92
2055,2010-08-19,4.42,3.9
2056,2010-08-26,4.36,3.86
2057,2010-09-02,4.32,3.83
2058,2010-09-09,4.35,3.83
2059,2010-09-16,4.37,3.82
2060,2010-09-23,4.37,3.82
2061,2010-09-30,4.32,3.75
2062,2010-10-07,4.27,3.72
2063,2010-10-14,4.19,3.62
2064,2010-10-21,4.21,3.64
2065,2010-10-28,4.23,3.66
2066,2010-11-04,4.24,3.63
2067,2010-11-11,4.17,3.57
2068,2010-11-18,4.39,3.76
2069,2010-11-24,4.4,3.77
2070,2010-12-02,4.46,3.81
2071,2010-12-09,4.61,3.96
2072,2010-12-16,4.83,4.17
2073,2010-12-23,4.81,4.15
2074,2010-12-30,4.86,4.2
2075,2011-01-06,4.77,4.13
2076,2011-01-13,4.71,4.08
2077,2011-01-20,4.74,4.05
2078,2011-01-27,4.8,4.09
2079,2011-02-03,4.81,4.08
2080,2011-02-10,5.05,4.29
2081,2011-02-17,5.0,4.27
2082,2011-02-24,4.95,4.22
2083,2011-03-03,4.87,4.15
2084,2011-03-10,4.88,4.15
2085,2011-03-17,4.76,3.97
2086,2011-03-24,4.81,4.04
2087,2011-03-31,4.86,4.09
2088,2011-04-07,4.87,4.1
2089,2011-04-14,4.91,4.13
2090,2011-04-21,4.8,4.02
2091,2011-04-28,4.78,3.97
2092,2011-05-05,4.71,3.89
2093,2011-05-12,4.63,3.82
2094,2011-05-19,4.61,3.8
2095,2011-05-26,4.6,3.78
2096,2011-06-02,4.55,3.74
2097,2011-06-09,4.49,3.68
2098,2011-06-16,4.5,3.67
2099,2011-06-23,4.5,3.69
2100,2011-06-30,4.51,3.69
2101,2011-07-07,4.6,3.75
2102,2011-07-14,4.51,3.65
2103,2011-07-21,4.52,3.66
2104,2011-07-28,4.55,3.66
2105,2011-08-04,4.39,3.54
2106,2011-08-11,4.32,3.5
2107,2011-08-18,4.15,3.36
2108,2011-08-25,4.22,3.44
2109,2011-09-01,4.22,3.39
2110,2011-09-08,4.12,3.33
2111,2011-09-15,4.09,3.3
2112,2011-09-22,4.09,3.29
2113,2011-09-29,4.01,3.28
2114,2011-10-06,3.94,3.26
2115,2011-10-13,4.12,3.37
2116,2011-10-20,4.11,3.38
2117,2011-10-27,4.1,3.38
2118,2011-11-03,4.0,3.31
2119,2011-11-10,3.99,3.3
2120,2011-11-17,4.0,3.31
2121,2011-11-23,3.98,3.3
2122,2011-12-01,4.0,3.3
2123,2011-12-08,3.99,3.27
2124,2011-12-15,3.94,3.21
2125,2011-12-22,3.91,3.21
2126,2011-12-29,3.95,3.24
2127,2012-01-05,3.91,3.23
2128,2012-01-12,3.89,3.16
2129,2012-01-19,3.88,3.17
2130,2012-01-26,3.98,3.24
2131,2012-02-02,3.87,3.14
2132,2012-02-09,3.87,3.16
2133,2012-02-16,3.87,3.16
2134,2012-02-23,3.95,3.19
2135,2012-03-01,3.9,3.17
2136,2012-03-08,3.88,3.13
2137,2012-03-15,3.92,3.16
2138,2012-03-22,4.08,3.3
2139,2012-03-29,3.99,3.23
2140,2012-04-05,3.98,3.21
2141,2012-04-12,3.88,3.11
2142,2012-04-19,3.9,3.13
2143,2012-04-26,3.88,3.12
2144,2012-05-03,3.84,3.07
2145,2012-05-10,3.83,3.05
2146,2012-05-17,3.79,3.04
2147,2012-05-24,3.78,3.04
2148,2012-05-31,3.75,2.97
2149,2012-06-07,3.67,2.94
2150,2012-06-14,3.71,2.98
2151,2012-06-21,3.66,2.95
2152,2012-06-28,3.66,2.94
2153,2012-07-05,3.62,2.89
2154,2012-07-12,3.56,2.86
2155,2012-07-19,3.53,2.83
2156,2012-07-26,3.49,2.8
2157,2012-08-02,3.55,2.83
2158,2012-08-09,3.59,2.84
2159,2012-08-16,3.62,2.88
2160,2012-08-23,3.66,2.89
2161,2012-08-30,3.59,2.86
2162,2012-09-06,3.55,2.86
2163,2012-09-13,3.55,2.85
2164,2012-09-20,3.49,2.77
2165,2012-09-27,3.4,2.73
2166,2012-10-04,3.36,2.69
2167,2012-10-11,3.39,2.7
2168,2012-10-18,3.37,2.66
2169,2012-10-25,3.41,2.72
2170,2012-11-01,3.39,2.7
2171,2012-11-08,3.4,2.69
2172,2012-11-15,3.34,2.65
2173,2012-11-21,3.31,2.63
2174,2012-11-29,3.32,2.64
2175,2012-12-06,3.34,2.67
2176,2012-12-13,3.32,2.66
2177,2012-12-20,3.37,2.65
2178,2012-12-27,3.35,2.65
2179,2013-01-03,3.34,2.64
2180,2013-01-10,3.4,2.66
2181,2013-01-17,3.38,2.66
2182,2013-01-24,3.42,2.71
2183,2013-01-31,3.53,2.81
2184,2013-02-07,3.53,2.77
2185,2013-02-14,3.53,2.77
2186,2013-02-21,3.56,2.77
2187,2013-02-28,3.51,2.76
2188,2013-03-07,3.52,2.76
2189,2013-03-14,3.63,2.79
2190,2013-03-21,3.54,2.72
2191,2013-03-28,3.57,2.76
2192,2013-04-04,3.54,2.74
2193,2013-04-11,3.43,2.65
2194,2013-04-18,3.41,2.64
2195,2013-04-25,3.4,2.61
2196,2013-05-02,3.35,2.56
2197,2013-05-09,3.42,2.61
2198,2013-05-16,3.51,2.69
2199,2013-05-23,3.59,2.77
2200,2013-05-30,3.81,2.98
2201,2013-06-06,3.91,3.03
2202,2013-06-13,3.98,3.1
2203,2013-06-20,3.93,3.04
2204,2013-06-27,4.46,3.5
2205,2013-07-03,4.29,3.39
2206,2013-07-11,4.51,3.53
2207,2013-07-18,4.37,3.41
2208,2013-07-25,4.31,3.39
2209,2013-08-01,4.39,3.43
2210,2013-08-08,4.4,3.43
2211,2013-08-15,4.4,3.44
2212,2013-08-22,4.58,3.6
2213,2013-08-29,4.51,3.54
2214,2013-09-05,4.57,3.59
2215,2013-09-12,4.57,3.59
2216,2013-09-19,4.5,3.54
2217,2013-09-26,4.32,3.37
2218,2013-10-03,4.22,3.29
2219,2013-10-10,4.23,3.31
2220,2013-10-17,4.28,3.33
2221,2013-10-24,4.13,3.24
2222,2013-10-31,4.1,3.2
2223,2013-11-07,4.16,3.27
2224,2013-11-14,4.35,3.35
2225,2013-11-21,4.22,3.27
2226,2013-11-27,4.29,3.3
2227,2013-12-05,4.46,3.47
2228,2013-12-12,4.42,3.43
2229,2013-12-19,4.47,3.51
2230,2013-12-26,4.48,3.52
2231,2014-01-02,4.53,3.55
2232,2014-01-09,4.51,3.56
2233,2014-01-16,4.41,3.45
2234,2014-01-23,4.39,3.44
2235,2014-01-30,4.32,3.4
2236,2014-02-06,4.23,3.33
2237,2014-02-13,4.28,3.33
2238,2014-02-20,4.33,3.35
2239,2014-02-27,4.37,3.39
2240,2014-03-06,4.28,3.32
2241,2014-03-13,4.37,3.38
2242,2014-03-20,4.32,3.32
2243,2014-03-27,4.4,3.42
2244,2014-04-03,4.41,3.47
2245,2014-04-10,4.34,3.38
2246,2014-04-17,4.27,3.33
2247,2014-04-24,4.33,3.39
2248,2014-05-01,4.29,3.38
2249,2014-05-08,4.21,3.32
2250,2014-05-15,4.2,3.29
2251,2014-05-22,4.14,3.25
2252,2014-05-29,4.12,3.21
2253,2014-06-05,4.14,3.23
2254,2014-06-12,4.2,3.31
2255,2014-06-19,4.17,3.3
2256,2014-06-26,4.14,3.22
2257,2014-07-03,4.12,3.22
2258,2014-07-10,4.15,3.24
2259,2014-07-17,4.13,3.23
2260,2014-07-24,4.13,3.26
2261,2014-07-31,4.12,3.23
2262,2014-08-07,4.14,3.27
2263,2014-08-14,4.12,3.24
2264,2014-08-21,4.1,3.23
2265,2014-08-28,4.1,3.25
2266,2014-09-04,4.1,3.24
2267,2014-09-11,4.12,3.26
2268,2014-09-18,4.23,3.37
2269,2014-09-25,4.2,3.36
2270,2014-10-02,4.19,3.36
2271,2014-10-09,4.12,3.3
2272,2014-10-16,3.97,3.18
2273,2014-10-23,3.92,3.08
2274,2014-10-30,3.98,3.13
2275,2014-11-06,4.02,3.21
2276,2014-11-13,4.01,3.2
2277,2014-11-20,3.99,3.17
2278,2014-11-26,3.97,3.17
2279,2014-12-04,3.89,3.1
2280,2014-12-11,3.93,3.2
2281,2014-12-18,3.8,3.09
2282,2014-12-24,3.83,3.1
2283,2014-12-31,3.87,3.15
2284,2015-01-08,3.73,3.05
2285,2015-01-15,3.66,2.98
2286,2015-01-22,3.63,2.93
2287,2015-01-29,3.66,2.98
2288,2015-02-05,3.59,2.92
2289,2015-02-12,3.69,2.99
2290,2015-02-19,3.76,3.05
2291,2015-02-26,3.8,3.07
2292,2015-03-05,3.75,3.03
2293,2015-03-12,3.86,3.1
2294,2015-03-19,3.78,3.06
2295,2015-03-26,3.69,2.97
2296,2015-04-02,3.7,2.98
2297,2015-04-09,3.66,2.93
2298,2015-04-16,3.67,2.94
2299,2015-04-23,3.65,2.92
2300,2015-04-30,3.68,2.94
2301,2015-05-07,3.8,3.02
2302,2015-05-14,3.85,3.07
2303,2015-05-21,3.84,3.05
2304,2015-05-28,3.87,3.11
2305,2015-06-04,3.87,3.08
2306,2015-06-11,4.04,3.25
2307,2015-06-18,4.0,3.23
2308,2015-06-25,4.02,3.21
2309,2015-07-02,4.08,3.24
2310,2015-07-09,4.04,3.2
2311,2015-07-16,4.09,3.25
2312,2015-07-23,4.04,3.21
2313,2015-07-30,3.98,3.17
2314,2015-08-06,3.91,3.13
2315,2015-08-13,3.94,3.17
2316,2015-08-20,3.93,3.15
2317,2015-08-27,3.84,3.06
2318,2015-09-03,3.89,3.09
2319,2015-09-10,3.9,3.1
2320,2015-09-17,3.91,3.11
2321,2015-09-24,3.86,3.08
2322,2015-10-01,3.85,3.07
2323,2015-10-08,3.76,2.99
2324,2015-10-15,3.82,3.03
2325,2015-10-22,3.79,2.98
2326,2015-10-29,3.76,2.98
2327,2015-11-05,3.87,3.09
2328,2015-11-12,3.98,3.2
2329,2015-11-19,3.97,3.18
2330,2015-11-25,3.95,3.18
2331,2015-12-03,3.93,3.16
2332,2015-12-10,3.95,3.19
2333,2015-12-17,3.97,3.22
2334,2015-12-24,3.96,3.22
2335,2015-12-31,4.01,3.24
2336,2016-01-07,3.97,3.26
2337,2016-01-14,3.92,3.19
2338,2016-01-21,3.81,3.1
2339,2016-01-28,3.79,3.07
2340,2016-02-04,3.72,3.01
2341,2016-02-11,3.65,2.95
2342,2016-02-18,3.65,2.95
2343,2016-02-25,3.62,2.93
2344,2016-03-03,3.64,2.94
2345,2016-03-10,3.68,2.96
2346,2016-03-17,3.73,2.99
2347,2016-03-24,3.71,2.96
2348,2016-03-31,3.71,2.98
2349,2016-04-07,3.59,2.88
2350,2016-04-14,3.58,2.86
2351,2016-04-21,3.59,2.85
2352,2016-04-28,3.66,2.89
2353,2016-05-05,3.61,2.86
2354,2016-05-12,3.57,2.81
2355,2016-05-19,3.58,2.81
2356,2016-05-26,3.64,2.89
2357,2016-06-02,3.66,2.92
2358,2016-06-09,3.6,2.87
2359,2016-06-16,3.54,2.81
2360,2016-06-23,3.56,2.83
2361,2016-06-30,3.48,2.78
2362,2016-07-07,3.41,2.74
2363,2016-07-14,3.42,2.72
2364,2016-07-21,3.45,2.75
2365,2016-07-28,3.48,2.78
2366,2016-08-04,3.43,2.74
2367,2016-08-11,3.45,2.76
2368,2016-08-18,3.43,2.74
2369,2016-08-25,3.43,2.74
2370,2016-09-01,3.46,2.77
2371,2016-09-08,3.44,2.76
2372,2016-09-15,3.5,2.77
2373,2016-09-22,3.48,2.76
2374,2016-09-29,3.42,2.72
2375,2016-10-06,3.42,2.72
2376,2016-10-13,3.47,2.76
2377,2016-10-20,3.52,2.79
2378,2016-10-27,3.47,2.78
2379,2016-11-03,3.54,2.84
2380,2016-11-10,3.57,2.88
2381,2016-11-17,3.94,3.14
2382,2016-11-23,4.03,3.25
2383,2016-12-01,4.08,3.34
2384,2016-12-08,4.13,3.36
2385,2016-12-15,4.16,3.37
2386,2016-12-22,4.3,3.52
2387,2016-12-29,4.32,3.55
2388,2017-01-05,4.2,3.44
2389,2017-01-12,4.12,3.37
2390,2017-01-19,4.09,3.34
2391,2017-01-26,4.19,3.4
2392,2017-02-02,4.19,3.41
2393,2017-02-09,4.17,3.39
2394,2017-02-16,4.15,3.35
2395,2017-02-23,4.16,3.37
2396,2017-03-02,4.1,3.32
2397,2017-03-09,4.21,3.42
2398,2017-03-16,4.3,3.5
2399,2017-03-23,4.23,3.44
2400,2017-03-30,4.14,3.39
2401,2017-04-06,4.1,3.36
2402,2017-04-13,4.08,3.34
2403,2017-04-20,3.97,3.23
2404,2017-04-27,4.03,3.27
2405,2017-05-04,4.02,3.27
2406,2017-05-11,4.05,3.29
2407,2017-05-18,4.02,3.27
2408,2017-05-25,3.95,3.19
2409,2017-06-01,3.94,3.19
2410,2017-06-08,3.89,3.16
2411,2017-06-15,3.91,3.18
2412,2017-06-22,3.9,3.17
2413,2017-06-29,3.88,3.17
2414,2017-07-06,3.96,3.22
2415,2017-07-13,4.03,3.29
2416,2017-07-20,3.96,3.23
2417,2017-07-27,3.92,3.2
2418,2017-08-03,3.93,3.18
2419,2017-08-10,3.9,3.18
2420,2017-08-17,3.89,3.16
2421,2017-08-24,3.86,3.16
2422,2017-08-31,3.82,3.12
2423,2017-09-07,3.78,3.08
2424,2017-09-14,3.78,3.08
2425,2017-09-21,3.83,3.13
2426,2017-09-28,3.83,3.13
2427,2017-10-05,3.85,3.15
2428,2017-10-12,3.91,3.21
2429,2017-10-19,3.88,3.19
2430,2017-10-26,3.94,3.25
2431,2017-11-02,3.94,3.27
2432,2017-11-09,3.9,3.24
2433,2017-11-16,3.95,3.31
2434,2017-11-22,3.92,3.32
2435,2017-11-30,3.9,3.3
2436,2017-12-07,3.94,3.36
2437,2017-12-14,3.93,3.36
2438,2017-12-21,3.94,3.38
2439,2017-12-28,3.99,3.44
2440,2018-01-04,3.95,3.38
2441,2018-01-11,3.99,3.44
2442,2018-01-18,4.04,3.49
2443,2018-01-25,4.15,3.62
2444,2018-02-01,4.22,3.68
2445,2018-02-08,4.32,3.77
2446,2018-02-15,4.38,3.84
2447,2018-02-22,4.4,3.85
2448,2018-03-01,4.43,3.9
2449,2018-03-08,4.46,3.94
2450,2018-03-15,4.44,3.9
2451,2018-03-22,4.45,3.91
2452,2018-03-29,4.44,3.9
2453,2018-04-05,4.4,3.87
2454,2018-04-12,4.42,3.87
2455,2018-04-19,4.47,3.94
2456,2018-04-26,4.58,4.02
2457,2018-05-03,4.55,4.03
2458,2018-05-10,4.55,4.01
2459,2018-05-17,4.61,4.08
2460,2018-05-24,4.66,4.15
2461,2018-05-31,4.56,4.06
2462,2018-06-07,4.54,4.01
2463,2018-06-14,4.62,4.07
2464,2018-06-21,4.57,4.04
2465,2018-06-28,4.55,4.04
2466,2018-07-05,4.52,3.99
2467,2018-07-12,4.53,4.02
2468,2018-07-19,4.52,4.0
2469,2018-07-26,4.54,4.02
2470,2018-08-02,4.6,4.08
2471,2018-08-09,4.59,4.05
2472,2018-08-16,4.53,4.01
2473,2018-08-23,4.51,3.98
2474,2018-08-30,4.52,3.97
2475,2018-09-06,4.54,3.99
2476,2018-09-13,4.6,4.06
2477,2018-09-20,4.65,4.11
2478,2018-09-27,4.72,4.16
2479,2018-10-04,4.71,4.15
2480,2018-10-11,4.9,4.29
2481,2018-10-18,4.85,4.26
2482,2018-10-25,4.86,4.29
2483,2018-11-01,4.83,4.23
2484,2018-11-08,4.94,4.33
2485,2018-11-15,4.94,4.36
2486,2018-11-21,4.81,4.24
2487,2018-11-29,4.81,4.25
2488,2018-12-06,4.75,4.21
2489,2018-12-13,4.63,4.07
2490,2018-12-20,4.62,4.07
2491,2018-12-27,4.55,4.01
2492,2019-01-03,4.51,3.99
2493,2019-01-10,4.45,3.89
2494,2019-01-17,4.45,3.88
2495,2019-01-24,4.45,3.88
2496,2019-01-31,4.46,3.89
2497,2019-02-07,4.41,3.84
2498,2019-02-14,4.37,3.81
2499,2019-02-21,4.35,3.78
2500,2019-02-28,4.35,3.77
2501,2019-03-07,4.41,3.83
2502,2019-03-14,4.31,3.76
2503,2019-03-21,4.28,3.71
2504,2019-03-28,4.06,3.57
2505,2019-04-04,4.08,3.56
2506,2019-04-11,4.12,3.6
2507,2019-04-18,4.17,3.62
2508,2019-04-25,4.2,3.64
2509,2019-05-02,4.14,3.6
2510,2019-05-09,4.1,3.57
2511,2019-05-16,4.07,3.53
2512,2019-05-23,4.06,3.51
2513,2019-05-30,3.99,3.46
2514,2019-06-06,3.82,3.28
2515,2019-06-13,3.82,3.26
2516,2019-06-20,3.84,3.25
2517,2019-06-27,3.73,3.16
2518,2019-07-03,3.75,3.18
2519,2019-07-11,3.75,3.22
2520,2019-07-18,3.81,3.23
2521,2019-07-25,3.75,3.18
2522,2019-08-01,3.75,3.2
2523,2019-08-08,3.6,3.05
2524,2019-08-15,3.6,3.07
2525,2019-08-22,3.55,3.03
2526,2019-08-29,3.58,3.06
2527,2019-09-05,3.49,3.0
2528,2019-09-12,3.56,3.09
2529,2019-09-19,3.73,3.21
2530,2019-09-26,3.64,3.16
2531,2019-10-03,3.65,3.14
2532,2019-10-10,3.57,3.05
2533,2019-10-17,3.69,3.15
2534,2019-10-24,3.75,3.18
2535,2019-10-31,3.78,3.19
2536,2019-11-07,3.69,3.13
2537,2019-11-14,3.75,3.2
2538,2019-11-21,3.66,3.15
2539,2019-11-27,3.68,3.15
2540,2019-12-05,3.68,3.14
2541,2019-12-12,3.73,3.19
2542,2019-12-19,3.73,3.19
2543,2019-12-26,3.74,3.19
2544,2020-01-02,3.72,3.16
2545,2020-01-09,3.64,3.07
2546,2020-01-16,3.65,3.09
2547,2020-01-23,3.6,3.04
2548,2020-01-30,3.51,3.0
2549,2020-02-06,3.45,2.97
2550,2020-02-13,3.47,2.97
2551,2020-02-20,3.49,2.99
2552,2020-02-27,3.45,2.95
2553,2020-03-05,3.29,2.79
2554,2020-03-12,3.36,2.77
2555,2020-03-19,3.65,3.06
2556,2020-03-26,3.5,2.92
2557,2020-04-02,3.33,2.82
2558,2020-04-09,3.33,2.77
2559,2020-04-16,3.31,2.8
2560,2020-04-23,3.33,2.86
2561,2020-04-30,3.23,2.77
2562,2020-05-07,3.26,2.73
2563,2020-05-14,3.28,2.72
2564,2020-05-21,3.24,2.7
2565,2020-05-28,3.15,2.62
2566,2020-06-04,3.18,2.62
2567,2020-06-11,3.21,2.62
2568,2020-06-18,3.13,2.58
2569,2020-06-25,3.13,2.59
2570,2020-07-02,3.07,2.56
2571,2020-07-09,3.03,2.51
2572,2020-07-16,2.98,2.48
2573,2020-07-23,3.01,2.54
2574,2020-07-30,2.99,2.51
2575,2020-08-06,2.88,2.44
2576,2020-08-13,2.96,2.46
2577,2020-08-20,2.99,2.54
2578,2020-08-27,2.91,2.46
2579,2020-09-03,2.93,2.42
2580,2020-09-10,2.86,2.37
2581,2020-09-17,2.87,2.35
2582,2020-09-24,2.9,2.4
2583,2020-10-01,2.88,2.36
2584,2020-10-08,2.87,2.37
2585,2020-10-15,2.81,2.35
2586,2020-10-22,2.8,2.33
2587,2020-10-29,2.81,2.32
2588,2020-11-05,2.78,2.32
2589,2020-11-12,2.84,2.34
2590,2020-11-19,2.72,2.28
2591,2020-11-25,2.72,2.28
2592,2020-12-03,2.71,2.26
2593,2020-12-10,2.71,2.26
2594,2020-12-17,2.67,2.21
2595,2020-12-24,2.66,2.19
2596,2020-12-31,2.67,2.17
2597,2021-01-07,2.65,2.16
2598,2021-01-14,2.79,2.23
2599,2021-01-21,2.77,2.21
2600,2021-01-28,2.73,2.2
2601,2021-02-04,2.73,2.21
2602,2021-02-11,2.73,2.19
2603,2021-02-18,2.81,2.21
2604,2021-02-25,2.97,2.34
2605,2021-03-04,3.02,2.34
2606,2021-03-11,3.05,2.38
2607,2021-03-18,3.09,2.4
2608,2021-03-25,3.17,2.45
2609,2021-04-01,3.18,2.45
2610,2021-04-08,3.13,2.42
2611,2021-04-15,3.04,2.35
2612,2021-04-22,2.97,2.29
2613,2021-04-29,2.98,2.31
2614,2021-05-06,2.96,2.3
2615,2021-05-13,2.94,2.26
2616,2021-05-20,3.0,2.29
2617,2021-05-27,2.95,2.27
2618,2021-06-03,2.99,2.27
2619,2021-06-10,2.96,2.23
2620,2021-06-17,2.93,2.24
2621,2021-06-24,3.02,2.34
2622,2021-07-01,2.98,2.26
2623,2021-07-08,2.9,2.2
2624,2021-07-15,2.88,2.22
2625,2021-07-22,2.78,2.12
2626,2021-07-29,2.8,2.1
2627,2021-08-05,2.77,2.1
2628,2021-08-12,2.87,2.15
2629,2021-08-19,2.86,2.16
2630,2021-08-26,2.87,2.17
2631,2021-09-02,2.87,2.18
2632,2021-09-09,2.88,2.19
2633,2021-09-16,2.86,2.12
2634,2021-09-23,2.88,2.15
2635,2021-09-30,3.01,2.28
2636,2021-10-07,2.99,2.23
2637,2021-10-14,3.05,2.3
2638,2021-10-21,3.09,2.33
2639,2021-10-28,3.14,2.37
2640,2021-11-04,3.09,2.35
2641,2021-11-10,2.98,2.27
2642,2021-11-18,3.1,2.39
2643,2021-11-24,3.1,2.42
2644,2021-12-02,3.11,2.39
2645,2021-12-09,3.1,2.38
2646,2021-12-16,3.12,2.34
2647,2021-12-23,3.05,2.3
2648,2021-12-30,3.11,2.33
2649,2022-01-06,3.22,2.43
2650,2022-01-13,3.45,2.62
2651,2022-01-20,3.56,2.79
2652,2022-01-27,3.55,2.8
2653,2022-02-03,3.55,2.77
2654,2022-02-10,3.69,2.93
2655,2022-02-17,3.92,3.15
2656,2022-02-24,3.89,3.14
2657,2022-03-03,3.76,3.01
2658,2022-03-10,3.85,3.09
2659,2022-03-17,4.16,3.39
2660,2022-03-24,4.42,3.63
2661,2022-03-31,4.67,3.83
2662,2022-04-07,4.72,3.91
2663,2022-04-14,5.0,4.17
2664,2022-04-21,5.11,4.38
2665,2022-04-28,5.1,4.4
2666,2022-05-05,5.27,4.52
2667,2022-05-12,5.3,4.48
2668,2022-05-19,5.25,4.43
2669,2022-05-26,5.1,4.31
2670,2022-06-02,5.09,4.32
2671,2022-06-09,5.23,4.38
2672,2022-06-16,5.78,4.81
2673,2022-06-23,5.81,4.92
2674,2022-06-30,5.7,4.83
2675,2022-07-07,5.3,4.45
2676,2022-07-14,5.51,4.67
2677,2022-07-21,5.54,4.75
2678,2022-07-28,5.3,4.58
2679,2022-08-04,4.99,4.26
2680,2022-08-11,5.22,4.59
2681,2022-08-18,5.13,4.55
2682,2022-08-25,5.55,4.85
2683,2022-09-01,5.66,4.98
2684,2022-09-08,5.89,5.16
2685,2022-09-15,6.02,5.21
2686,2022-09-22,6.29,5.44
2687,2022-09-29,6.7,5.96
2688,2022-10-06,6.66,5.9
2689,2022-10-13,6.92,6.09
2690,2022-10-20,6.94,6.23
2691,2022-10-27,7.08,6.36
2692,2022-11-03,6.95,6.29
2693,2022-11-10,7.08,6.38
2694,2022-11-17,6.61,5.98
2695,2022-11-23,6.58,5.9
2696,2022-12-01,6.49,5.76
2697,2022-12-08,6.33,5.67
2698,2022-12-15,6.31,5.54
2699,2022-12-22,6.27,5.69
2700,2022-12-29,6.42,5.68
2701,2023-01-05,6.48,5.73
2702,2023-01-12,6.33,5.52
2703,2023-01-19,6.15,5.28
2704,2023-01-26,6.13,5.17
2705,2023-02-02,6.09,5.14
2706,2023-02-09,6.12,5.25
2707,2023-02-16,6.32,5.51
2708,2023-02-23,6.5,5.76
2709,2023-03-02,6.65,5.89
2710,2023-03-09,6.73,5.95
2711,2023-03-16,6.6,5.9
2712,2023-03-23,6.42,5.68
2713,2023-03-30,6.32,5.56
2714,2023-04-06,6.28,5.64
2715,2023-04-13,6.27,5.54
2716,2023-04-20,6.39,5.76
2717,2023-04-27,6.43,5.71
2718,2023-05-04,6.39,5.76
2719,2023-05-11,6.35,5.75
2720,2023-05-18,6.39,5.75
2721,2023-05-25,6.57,5.97
2722,2023-06-01,6.79,6.18
2723,2023-06-08,6.71,6.07
2724,2023-06-15,6.69,6.1
2725,2023-06-22,6.67,6.03
2726,2023-06-29,6.71,6.06
2727,2023-07-06,6.81,6.24
2728,2023-07-13,6.96,6.3
2729,2023-07-20,6.78,6.06
2730,2023-07-27,6.81,6.11
2731,2023-08-03,6.9,6.25
2732,2023-08-10,6.96,6.34
2733,2023-08-17,7.09,6.46
2734,2023-08-24,7.23,6.55
2735,2023-08-31,7.18,6.55
2736,2023-09-07,7.12,6.52
2737,2023-09-14,7.18,6.51
2738,2023-09-21,7.19,6.54
2739,2023-09-28,7.31,6.72
2740,2023-10-05,7.49,6.78
2741,2023-10-12,7.57,6.89
2742,2023-10-19,7.63,6.92
2743,2023-10-26,7.79,7.03
2744,2023-11-02,7.76,7.03
2745,2023-11-09,7.5,6.81
2746,2023-11-16,7.44,6.76
2747,2023-11-22,7.29,6.67
2748,2023-11-30,7.22,6.56
2749,2023-12-07,7.03,6.29
2750,2023-12-14,6.95,6.38
2751,2023-12-21,6.67,5.95
2752,2023-12-28,6.61,5.93
2753,2024-01-04,6.62,5.89
2754,2024-01-11,6.66,5.87
2755,2024-01-18,6.6,5.76
2756,2024-01-25,6.69,5.96
2757,2024-02-01,6.63,5.94
2758,2024-02-08,6.64,5.9
2759,2024-02-15,6.77,6.12
2760,2024-02-22,6.9,6.29
2761,2024-02-29,6.94,6.26
2762,2024-03-07,6.88,6.22
2763,2024-03-14,6.74,6.16
2764,2024-03-21,6.87,6.21
2765,2024-03-28,6.79,6.11
2766,2024-04-04,6.82,6.06
2767,2024-04-11,6.88,6.16
2768,2024-04-18,7.1,6.39
2769,2024-04-25,7.17,6.44
2770,2024-05-02,7.22,6.47
2771,2024-05-09,7.09,6.38
2772,2024-05-16,7.02,6.28
2773,2024-05-23,6.94,6.24
2774,2024-05-30,7.03,6.36
2775,2024-06-06,6.99,6.29
2776,2024-06-13,6.95,6.17
2777,2024-06-20,6.87,6.13
2778,2024-06-27,6.86,6.16
2779,2024-07-03,6.95,6.25
2780,2024-07-11,6.89,6.17
2781,2024-07-18,6.77,6.05
2782,2024-07-25,6.78,6.07
2783,2024-08-01,6.73,5.99
2784,2024-08-08,6.47,5.63
2785,2024-08-15,6.49,5.66
2786,2024-08-22,6.46,5.62
2787,2024-08-29,6.35,5.51
2788,2024-09-05,6.35,5.47
2789,2024-09-12,6.2,5.27
2790,2024-09-19,6.09,5.15
2791,2024-09-26,6.08,5.16
2792,2024-10-03,6.12,5.25
2793,2024-10-10,6.32,5.41
2794,2024-10-17,6.44,5.63
2795,2024-10-24,6.54,5.71
2796,2024-10-31,6.72,5.99
2797,2024-11-07,6.79,6.0
2798,2024-11-14,6.78,5.99
